Area,Row,Number
Main Stage,1,1
Main Stage,1,2
Main Stage,1,3
Main Stage,1,4
Main Stage,1,5
Main Stage,1,6
Main Stage,1,7
Main Stage,1,8
Main Stage,1,9
Main Stage,1,10
Main Stage,1,11
Main Stage,1,12
Main Stage,1,13
Main Stage,1,14
Main Stage,1,15
Main Stage,1,16
Main Stage,1,17
Main Stage,1,18
Main Stage,1,19
Main Stage,1,20
Main Stage,1,21
Main Stage,1,22
Main Stage,1,23
Main Stage,1,24
Main Stage,1,25
Main Stage,1,26
Main Stage,1,27
Main Stage,1,28
Main Stage,2,29
Main Stage,2,30
Main Stage,2,31
Main Stage,2,32
Main Stage,2,33
Main Stage,2,34
Main Stage,2,35
Main Stage,2,36
Main Stage,2,37
Main Stage,2,38
Main Stage,2,39
Main Stage,2,40
Main Stage,2,41
Main Stage,2,42
Main Stage,2,43
Main Stage,2,44
Main Stage,2,45
Main Stage,2,46
Main Stage,2,47
Main Stage,2,48
Main Stage,2,49
Main Stage,2,50
Main Stage,2,51
Main Stage,2,52
Main Stage,2,53
Main Stage,2,54
Main Stage,2,55
Main Stage,2,56
Main Stage,3,57
Main Stage,3,58
Main Stage,3,59
Main Stage,3,60
Main Stage,3,61
Main Stage,3,62
Main Stage,3,63
Main Stage,3,64
Main Stage,3,65
Main Stage,3,66
Main Stage,3,67
Main Stage,3,68
Main Stage,3,69
Main Stage,3,70
Main Stage,3,71
Main Stage,3,72
Main Stage,3,73
Main Stage,3,74
Main Stage,3,75
Main Stage,3,76
Main Stage,3,77
Main Stage,3,78
Main Stage,3,79
Main Stage,3,80
Main Stage,3,81
Main Stage,3,82
Main Stage,3,83
Main Stage,3,84
Main Stage,4,85
Main Stage,4,86
Main Stage,4,87
Main Stage,4,88
Main Stage,4,89
Main Stage,4,90
Main Stage,4,91
Main Stage,4,92
Main Stage,4,93
Main Stage,4,94
Main Stage,4,95
Main Stage,4,96
Main Stage,4,97
Main Stage,4,98
Main Stage,4,99
Main Stage,4,100
Main Stage,4,101
Main Stage,4,102
Main Stage,4,103
Main Stage,4,104
Main Stage,4,105
Main Stage,4,106
Main Stage,4,107
Main Stage,4,108
Main Stage,4,109
Main Stage,4,110
Main Stage,4,111
Main Stage,4,112
Main Stage,5,113
Main Stage,5,114
Main Stage,5,115
Main Stage,5,116
Main Stage,5,117
Main Stage,5,118
Main Stage,5,119
Main Stage,5,120
Main Stage,5,121
Main Stage,5,122
Main Stage,5,123
Main Stage,5,124
Main Stage,5,125
Main Stage,5,126
Main Stage,5,127
Main Stage,5,128
Main Stage,5,129
Main Stage,5,130
Main Stage,5,131
Main Stage,5,132
Main Stage,5,133
Main Stage,5,134
Main Stage,5,135
Main Stage,5,136
Main Stage,5,137
Main Stage,5,138
Main Stage,5,139
Main Stage,5,140
Main Stage,6,141
Main Stage,6,142
Main Stage,6,143
Main Stage,6,144
Main Stage,6,145
Main Stage,6,146
Main Stage,6,147
Main Stage,6,148
Main Stage,6,149
Main Stage,6,150
Main Stage,6,151
Main Stage,6,152
Main Stage,6,153
Main Stage,6,154
Main Stage,6,155
Main Stage,6,156
Main Stage,6,157
Main Stage,6,158
Main Stage,6,159
Main Stage,6,160
Main Stage,6,161
Main Stage,6,162
Main Stage,6,163
Main Stage,6,164
Main Stage,6,165
Main Stage,6,166
Main Stage,6,167
Main Stage,6,168
Main Stage,7,169
Main Stage,7,170
Main Stage,7,171
Main Stage,7,172
Main Stage,7,173
Main Stage,7,174
Main Stage,7,175
Main Stage,7,176
Main Stage,7,177
Main Stage,7,178
Main Stage,7,179
Main Stage,7,180
Main Stage,7,181
Main Stage,7,182
Main Stage,7,183
Main Stage,7,184
Main Stage,7,185
Main Stage,7,186
Main Stage,7,187
Main Stage,7,188
Main Stage,7,189
Main Stage,7,190
Main Stage,7,191
Main Stage,7,192
Main Stage,7,193
Main Stage,7,194
Main Stage,7,195
Main Stage,7,196
Main Stage,8,197
Main Stage,8,198
Main Stage,8,199
Main Stage,8,200
Main Stage,8,201
Main Stage,8,202
Main Stage,8,203
Main Stage,8,204
Main Stage,8,205
Main Stage,8,206
Main Stage,8,207
Main Stage,8,208
Main Stage,8,209
Main Stage,8,210
Main Stage,8,211
Main Stage,8,212
Main Stage,8,213
Main Stage,8,214
Main Stage,8,215
Main Stage,8,216
Main Stage,8,217
Main Stage,8,218
Main Stage,8,219
Main Stage,8,220
Main Stage,8,221
Main Stage,8,222
Main Stage,8,223
Main Stage,8,224
Main Stage,9,225
Main Stage,9,226
Main Stage,9,227
Main Stage,9,228
Main Stage,9,229
Main Stage,9,230
Main Stage,9,231
Main Stage,9,232
Main Stage,9,233
Main Stage,9,234
Main Stage,9,235
Main Stage,9,236
Main Stage,9,237
Main Stage,9,238
Main Stage,9,239
Main Stage,9,240
Main Stage,9,241
Main Stage,9,242
Main Stage,9,243
Main Stage,9,244
Main Stage,9,245
Main Stage,9,246
Main Stage,9,247
Main Stage,9,248
Main Stage,9,249
Main Stage,9,250
Main Stage,9,251
Main Stage,9,252
Main Stage,10,253
Main Stage,10,254
Main Stage,10,255
Main Stage,10,256
Main Stage,10,257
Main Stage,10,258
Main Stage,10,259
Main Stage,10,260
Main Stage,10,261
Main Stage,10,262
Main Stage,10,263
Main Stage,10,264
Main Stage,10,265
Main Stage,10,266
Main Stage,10,267
Main Stage,10,268
Main Stage,10,269
Main Stage,10,270
Main Stage,10,271
Main Stage,10,272
Main Stage,10,273
Main Stage,10,274
Main Stage,10,275
Main Stage,10,276
Main Stage,10,277
Main Stage,10,278
Main Stage,10,279
Main Stage,10,280
Main Stage,11,281
Main Stage,11,282
Main Stage,11,283
Main Stage,11,284
Main Stage,11,285
Main Stage,11,286
Main Stage,11,287
Main Stage,11,288
Main Stage,11,289
Main Stage,11,290
Main Stage,11,291
Main Stage,11,292
Main Stage,11,293
Main Stage,11,294
Main Stage,11,295
Main Stage,11,296
Main Stage,11,297
Main Stage,11,298
Main Stage,11,299
Main Stage,11,300
Main Stage,11,301
Main Stage,11,302
Main Stage,11,303
Main Stage,11,304
Main Stage,11,305
Main Stage,11,306
Main Stage,11,307
Main Stage,11,308
Main Stage,12,309
Main Stage,12,310
Main Stage,12,311
Main Stage,12,312
Main Stage,12,313
Main Stage,12,314
Main Stage,12,315
Main Stage,12,316
Main Stage,12,317
Main Stage,12,318
Main Stage,12,319
Main Stage,12,320
Main Stage,12,321
Main Stage,12,322
Main Stage,12,323
Main Stage,12,324
Main Stage,12,325
Main Stage,12,326
Main Stage,12,327
Main Stage,12,328
Main Stage,12,329
Main Stage,12,330
Main Stage,12,331
Main Stage,12,332
Main Stage,12,333
Main Stage,12,334
Main Stage,12,335
Main Stage,12,336
Main Stage,13,337
Main Stage,13,338
Main Stage,13,339
Main Stage,13,340
Main Stage,13,341
Main Stage,13,342
Main Stage,13,343
Main Stage,13,344
Main Stage,13,345
Main Stage,13,346
Main Stage,13,347
Main Stage,13,348
Main Stage,13,349
Main Stage,13,350
Main Stage,13,351
Main Stage,13,352
Main Stage,13,353
Main Stage,13,354
Main Stage,13,355
Main Stage,13,356
Main Stage,13,357
Main Stage,13,358
Main Stage,13,359
Main Stage,13,360
Main Stage,13,361
Main Stage,13,362
Main Stage,13,363
Main Stage,13,364
Main Stage,14,365
Main Stage,14,366
Main Stage,14,367
Main Stage,14,368
Main Stage,14,369
Main Stage,14,370
Main Stage,14,371
Main Stage,14,372
Main Stage,14,373
Main Stage,14,374
Main Stage,14,375
Main Stage,14,376
Main Stage,14,377
Main Stage,14,378
Main Stage,14,379
Main Stage,14,380
Main Stage,14,381
Main Stage,14,382
Main Stage,14,383
Main Stage,14,384
Main Stage,14,385
Main Stage,14,386
Main Stage,14,387
Main Stage,14,388
Main Stage,14,389
Main Stage,14,390
Main Stage,14,391
Main Stage,14,392
Main Stage,15,393
Main Stage,15,394
Main Stage,15,395
Main Stage,15,396
Main Stage,15,397
Main Stage,15,398
Main Stage,15,399
Main Stage,15,400
Main Stage,15,401
Main Stage,15,402
Main Stage,15,403
Main Stage,15,404
Main Stage,15,405
Main Stage,15,406
Main Stage,15,407
Main Stage,15,408
Main Stage,15,409
Main Stage,15,410
Main Stage,15,411
Main Stage,15,412
Main Stage,15,413
Main Stage,15,414
Main Stage,15,415
Main Stage,15,416
Main Stage,15,417
Main Stage,15,418
Main Stage,15,419
Main Stage,15,420
Main Stage,16,421
Main Stage,16,422
Main Stage,16,423
Main Stage,16,424
Main Stage,16,425
Main Stage,16,426
Main Stage,16,427
Main Stage,16,428
Main Stage,16,429
Main Stage,16,430
Main Stage,16,431
Main Stage,16,432
Main Stage,16,433
Main Stage,16,434
Main Stage,16,435
Main Stage,16,436
Main Stage,16,437
Main Stage,16,438
Main Stage,16,439
Main Stage,16,440
Main Stage,16,441
Main Stage,16,442
Main Stage,16,443
Main Stage,16,444
Main Stage,16,445
Main Stage,16,446
Main Stage,16,447
Main Stage,16,448
Main Stage,17,449
Main Stage,17,450
Main Stage,17,451
Main Stage,17,452
Main Stage,17,453
Main Stage,17,454
Main Stage,17,455
Main Stage,17,456
Main Stage,17,457
Main Stage,17,458
Main Stage,17,459
Main Stage,17,460
Main Stage,17,461
Main Stage,17,462
Main Stage,17,463
Main Stage,17,464
Main Stage,17,465
Main Stage,17,466
Main Stage,17,467
Main Stage,17,468
Main Stage,17,469
Main Stage,17,470
Main Stage,17,471
Main Stage,17,472
Main Stage,17,473
Main Stage,17,474
Main Stage,17,475
Main Stage,17,476
Main Stage,18,477
Main Stage,18,478
Main Stage,18,479
Main Stage,18,480
Main Stage,18,481
Main Stage,18,482
Main Stage,18,483
Main Stage,18,484
Main Stage,18,485
Main Stage,18,486
Main Stage,18,487
Main Stage,18,488
Main Stage,18,489
Main Stage,18,490
Main Stage,18,491
Main Stage,18,492
Main Stage,18,493
Main Stage,18,494
Main Stage,18,495
Main Stage,18,496
Main Stage,18,497
Main Stage,18,498
Main Stage,18,499
Main Stage,18,500
Main Stage,18,501
Main Stage,18,502
Main Stage,18,503
Main Stage,18,504
Galleri,lower,505
Galleri,lower,506
Galleri,lower,507
Galleri,lower,508
Galleri,lower,509
Galleri,lower,510
Galleri,lower,511
Galleri,lower,512
Galleri,lower,513
Galleri,lower,514
Galleri,Upper,515
Galleri,Upper,516
Galleri,Upper,517
Galleri,Upper,518
Galleri,Upper,519
Galleri,Upper,520
Galleri,Upper,521
Galleri,Upper,522
Galleri,Upper,523
Galleri,Upper,524
